country	Nigeria	9.082	8.6753
country	Guinea	9.9456	9.6966
country	Liberia	6.4281	9.4295
country	Ivory Coast	7.54	5.5471
country	Mali	17.5707	3.9962
country	Benin	9.3077	2.3158
country	Togo	8.6195	0.8248
country	Sierra Leone	8.4606	11.7799
country	panama	8.3096067	-81.3066245
country	puerto rico	18.2459121	-66.4164147
country	singapore	1.2904527	103.852038
country	thailand	14.8971921	100.83273
country	usa	39.7837304	-100.4458824
country	venezuela	8	-66